Route,Fare
North Ave-Quezon Ave,13.00
North Ave-GMA Kamuning,13.00
North Ave-Araneta-Cubao,16.00
North Ave-Santolan-Annapolis,16.00
North Ave-Ortigas,20.00
North Ave-Shaw Blvd,20.00
North Ave-Boni,20.00
North Ave-Guadalupe,24.00
North Ave-Buendia,24.00
North Ave-Ayala,24.00
North Ave-Magallanes,28.00
North Ave-Taft Ave,28.00
Quezon Ave-North Ave,13.00
Quezon Ave-GMA Kamuning,13.00
Quezon Ave-Araneta-Cubao,13.00
Quezon Ave-Santolan-Annapolis,16.00
Quezon Ave-Ortigas,16.00
Quezon Ave-Shaw Blvd,20.00
Quezon Ave-Boni,20.00
Quezon Ave-Guadalupe,20.00
Quezon Ave-Buendia,24.00
Quezon Ave-Ayala,24.00
Quezon Ave-Magallanes,24.00
Quezon Ave-Taft Ave,28.00
GMA Kamuning-North Ave,13.00
GMA Kamuning-Quezon Ave,13.00
GMA Kamuning-Araneta-Cubao,13.00
GMA Kamuning-Santolan-Annapolis,13.00
GMA Kamuning-Ortigas,16.00
GMA Kamuning-Shaw Blvd,16.00
GMA Kamuning-Boni,20.00
GMA Kamuning-Guadalupe,20.00
GMA Kamuning-Buendia,20.00
GMA Kamuning-Ayala,24.00
GMA Kamuning-Magallanes,24.00
GMA Kamuning-Taft Ave,24.00
Araneta-Cubao-North Ave,16.00
Araneta-Cubao-Quezon Ave,13.00
Araneta-Cubao-GMA Kamuning,13.00
Araneta-Cubao-Santolan-Annapolis,13.00
Araneta-Cubao-Ortigas,13.00
Araneta-Cubao-Shaw Blvd,16.00
Araneta-Cubao-Boni,16.00
Araneta-Cubao-Guadalupe,20.00
Araneta-Cubao-Buendia,20.00
Araneta-Cubao-Ayala,20.00
Araneta-Cubao-Magallanes,24.00
Araneta-Cubao-Taft Ave,24.00
Santolan-Annapolis-North Ave,16.00
Santolan-Annapolis-Quezon Ave,16.00
Santolan-Annapolis-GMA Kamuning,13.00
Santolan-Annapolis-Araneta-Cubao,13.00
Santolan-Annapolis-Ortigas,13.00
Santolan-Annapolis-Shaw Blvd,13.00
Santolan-Annapolis-Boni,16.00
Santolan-Annapolis-Guadalupe,16.00
Santolan-Annapolis-Buendia,20.00
Santolan-Annapolis-Ayala,20.00
Santolan-Annapolis-Magallanes,20.00
Santolan-Annapolis-Taft Ave,24.00
Ortigas-North Ave,20.00
Ortigas-Quezon Ave,16.00
Ortigas-GMA Kamuning,16.00
Ortigas-Araneta-Cubao,13.00
Ortigas-Santolan-Annapolis,13.00
Ortigas-Shaw Blvd,13.00
Ortigas-Boni,13.00
Ortigas-Guadalupe,16.00
Ortigas-Buendia,16.00
Ortigas-Ayala,20.00
Ortigas-Magallanes,20.00
Ortigas-Taft Ave,20.00
Shaw Blvd-North Ave,20.00
Shaw Blvd-Quezon Ave,20.00
Shaw Blvd-GMA Kamuning,16.00
Shaw Blvd-Araneta-Cubao,16.00
Shaw Blvd-Santolan-Annapolis,13.00
Shaw Blvd-Ortigas,13.00
Shaw Blvd-Boni,13.00
Shaw Blvd-Guadalupe,13.00
Shaw Blvd-Buendia,16.00
Shaw Blvd-Ayala,16.00
Shaw Blvd-Magallanes,20.00
Shaw Blvd-Taft Ave,20.00
Boni-North Ave,20.00
Boni-Quezon Ave,20.00
Boni-GMA Kamuning,20.00
Boni-Araneta-Cubao,16.00
Boni-Santolan-Annapolis,16.00
Boni-Ortigas,13.00
Boni-Shaw Blvd,13.00
Boni-Guadalupe,13.00
Boni-Buendia,13.00
Boni-Ayala,16.00
Boni-Magallanes,16.00
Boni-Taft Ave,20.00
Guadalupe-North Ave,24.00
Guadalupe-Quezon Ave,20.00
Guadalupe-GMA Kamuning,20.00
Guadalupe-Araneta-Cubao,20.00
Guadalupe-Santolan-Annapolis,16.00
Guadalupe-Ortigas,16.00
Guadalupe-Shaw Blvd,13.00
Guadalupe-Boni,13.00
Guadalupe-Buendia,13.00
Guadalupe-Ayala,13.00
Guadalupe-Magallanes,16.00
Guadalupe-Taft Ave,16.00
Buendia-North Ave,24.00
Buendia-Quezon Ave,24.00
Buendia-GMA Kamuning,20.00
Buendia-Araneta-Cubao,20.00
Buendia-Santolan-Annapolis,20.00
Buendia-Ortigas,16.00
Buendia-Shaw Blvd,16.00
Buendia-Boni,13.00
Buendia-Guadalupe,13.00
Buendia-Ayala,13.00
Buendia-Magallanes,13.00
Buendia-Taft Ave,16.00
Ayala-North Ave,24.00
Ayala-Quezon Ave,24.00
Ayala-GMA Kamuning,24.00
Ayala-Araneta-Cubao,20.00
Ayala-Santolan-Annapolis,20.00
Ayala-Ortigas,20.00
Ayala-Shaw Blvd,16.00
Ayala-Boni,16.00
Ayala-Guadalupe,13.00
Ayala-Buendia,13.00
Ayala-Magallanes,13.00
Ayala-Taft Ave,13.00
Magallanes-North Ave,28.00
Magallanes-Quezon Ave,24.00
Magallanes-GMA Kamuning,24.00
Magallanes-Araneta-Cubao,24.00
Magallanes-Santolan-Annapolis,20.00
Magallanes-Ortigas,20.00
Magallanes-Shaw Blvd,20.00
Magallanes-Boni,16.00
Magallanes-Guadalupe,16.00
Magallanes-Buendia,13.00
Magallanes-Ayala,13.00
Magallanes-Taft Ave,13.00
Taft Ave-North Ave,28.00
Taft Ave-Quezon Ave,28.00
Taft Ave-GMA Kamuning,24.00
Taft Ave-Araneta-Cubao,24.00
Taft Ave-Santolan-Annapolis,24.00
Taft Ave-Ortigas,20.00
Taft Ave-Shaw Blvd,20.00
Taft Ave-Boni,20.00
Taft Ave-Guadalupe,16.00
Taft Ave-Buendia,16.00
Taft Ave-Ayala,13.00
Taft Ave-Magallanes,13.00